iteration,epoch,mode,loss,value
0,0,val,render,0.09274518489837646
0,0,val,total,0.09274518489837646
0,0,val,render,0.09477901458740234
0,0,val,total,0.09477901458740234
100,0,train,eikonal,0.052312154322862625
100,0,train,render,0.28220608830451965
100,0,train,total,0.2874372899532318
200,1,train,eikonal,0.01730961725115776
200,1,train,render,0.2844129204750061
200,1,train,total,0.28614386916160583
300,1,train,eikonal,0.013342288322746754
300,1,train,render,0.2417462170124054
300,1,train,total,0.24308045208454132
400,2,train,eikonal,0.0051109869964420795
400,2,train,render,0.2200937569141388
400,2,train,total,0.22060485184192657
500,2,train,eikonal,0.011246606707572937
500,2,train,render,0.25074100494384766
500,2,train,total,0.2518656551837921
600,3,train,eikonal,0.0028318767435848713
600,3,train,render,0.25740885734558105
600,3,train,total,0.25769203901290894
700,4,train,eikonal,0.001836113166064024
700,4,train,render,0.21193668246269226
700,4,train,total,0.21212029457092285
800,4,train,eikonal,0.0012400525156408548
800,4,train,render,0.23928053677082062
800,4,train,total,0.23940454423427582
900,5,train,eikonal,0.0012640843633562326
900,5,train,render,0.22222374379634857
900,5,train,total,0.22235015034675598
1000,5,train,eikonal,0.0010583355324342847
1000,5,train,render,0.23356300592422485
1000,5,train,total,0.23366883397102356
1100,6,train,eikonal,0.0008536922978237271
1100,6,train,render,0.2294435352087021
1100,6,train,total,0.22952890396118164
1200,7,train,eikonal,0.0009047335479408503
1200,7,train,render,0.30066943168640137
1200,7,train,total,0.3007599115371704
1300,7,train,eikonal,0.0014846142148599029
1300,7,train,render,0.23251184821128845
1300,7,train,total,0.23266030848026276
1400,8,train,eikonal,0.0014257158618420362
1400,8,train,render,0.34760093688964844
1400,8,train,total,0.34774351119995117
1500,8,train,eikonal,0.0010981953237205744
1500,8,train,render,0.34711360931396484
1500,8,train,total,0.3472234308719635
1600,9,train,eikonal,0.0021441038697957993
1600,9,train,render,0.20961561799049377
1600,9,train,total,0.20983003079891205
1700,10,train,eikonal,0.0017315034056082368
1700,10,train,render,0.21304410696029663
1700,10,train,total,0.21321725845336914
1800,10,train,eikonal,0.0020881600212305784
1800,10,train,render,0.2031252682209015
1800,10,train,total,0.20333407819271088
1900,11,train,eikonal,0.0015154764987528324
1900,11,train,render,0.23880743980407715
1900,11,train,total,0.23895898461341858
2000,11,train,eikonal,0.0008763357764109969
2000,11,train,render,0.22163039445877075
2000,11,train,total,0.22171802818775177
2100,12,train,eikonal,0.0013230583863332868
2100,12,train,render,0.20762577652931213
2100,12,train,total,0.2077580839395523
2200,12,train,eikonal,0.0015032548690214753
2200,12,train,render,0.24354428052902222
2200,12,train,total,0.24369460344314575
2300,13,train,eikonal,0.0011946025770157576
2300,13,train,render,0.36246150732040405
2300,13,train,total,0.36258095502853394
2400,14,train,eikonal,0.0010684693697839975
2400,14,train,render,0.20873892307281494
2400,14,train,total,0.20884576439857483
2500,14,train,eikonal,0.0013348257634788752
2500,14,train,render,0.28007930517196655
2500,14,train,total,0.28021278977394104
2600,15,train,eikonal,0.0019325423054397106
2600,15,train,render,0.27125319838523865
2600,15,train,total,0.27144646644592285
2700,15,train,eikonal,0.002808175515383482
2700,15,train,render,0.3725500702857971
2700,15,train,total,0.37283089756965637
2800,16,train,eikonal,0.0009842327563092113
2800,16,train,render,0.25385206937789917
2800,16,train,total,0.2539505064487457
2900,17,train,eikonal,0.000987140811048448
2900,17,train,render,0.24702668190002441
2900,17,train,total,0.24712540209293365
3000,17,train,eikonal,0.0037917334120720625
3000,17,train,render,0.21174359321594238
3000,17,train,total,0.21212276816368103
3100,18,train,eikonal,0.0013251615455374122
3100,18,train,render,0.22787690162658691
3100,18,train,total,0.2280094176530838
3200,18,train,eikonal,0.0027948159258812666
3200,18,train,render,0.24052418768405914
3200,18,train,total,0.24080367386341095
3300,19,train,eikonal,0.006116664037108421
3300,19,train,render,0.2908692955970764
3300,19,train,total,0.2914809584617615
3400,20,train,eikonal,0.0019652133341878653
3400,20,train,render,0.4018765687942505
3400,20,train,total,0.40207308530807495
3500,20,train,eikonal,0.0017857267521321774
3500,20,train,render,0.2589208483695984
3500,20,train,total,0.25909942388534546
3600,21,train,eikonal,0.0024935929104685783
3600,21,train,render,0.2610050439834595
3600,21,train,total,0.2612544000148773
3700,21,train,eikonal,0.005083336494863033
3700,21,train,render,0.2544925808906555
3700,21,train,total,0.25500091910362244
3800,22,train,eikonal,0.002522398019209504
3800,22,train,render,0.39518529176712036
3800,22,train,total,0.3954375386238098
3900,22,train,eikonal,0.0012640119530260563
3900,22,train,render,0.23516638576984406
3900,22,train,total,0.23529279232025146
4000,23,train,eikonal,0.002835041843354702
4000,23,train,render,0.255047470331192
4000,23,train,total,0.25533097982406616
4100,24,train,eikonal,0.0022262479178607464
4100,24,train,render,0.2621312141418457
4100,24,train,total,0.2623538374900818
4200,24,train,eikonal,0.0016703112050890923
4200,24,train,render,0.2551420032978058
4200,24,train,total,0.2553090453147888
4300,25,train,eikonal,0.0020278077572584152
4300,25,train,render,0.2180338203907013
4300,25,train,total,0.21823659539222717
4400,25,train,eikonal,0.004009890370070934
4400,25,train,render,0.2280457317829132
4400,25,train,total,0.22844672203063965
4500,26,train,eikonal,0.0018726589623838663
4500,26,train,render,0.2322889268398285
4500,26,train,total,0.23247618973255157
4600,27,train,eikonal,0.002246072283014655
4600,27,train,render,0.21677854657173157
4600,27,train,total,0.21700315177440643
4700,27,train,eikonal,0.0024192018900066614
4700,27,train,render,0.23743563890457153
4700,27,train,total,0.23767755925655365
4800,28,train,eikonal,0.0032925461418926716
4800,28,train,render,0.23793736100196838
4800,28,train,total,0.23826661705970764
4900,28,train,eikonal,0.0016885832883417606
4900,28,train,render,0.26207631826400757
4900,28,train,total,0.26224517822265625
5000,29,train,eikonal,0.0010013349819928408
5000,29,train,render,0.34516406059265137
5000,29,train,total,0.345264196395874
5100,30,train,eikonal,0.002963033504784107
5100,30,train,render,0.2538056969642639
5100,30,train,total,0.2541019916534424
5200,30,train,eikonal,0.002529480494558811
5200,30,train,render,0.2015526294708252
5200,30,train,total,0.20180557668209076
5300,31,train,eikonal,0.0021257696207612753
5300,31,train,render,0.2618274688720703
5300,31,train,total,0.26204004883766174
5400,31,train,eikonal,0.0015147645026445389
5400,31,train,render,0.2221130132675171
5400,31,train,total,0.22226448357105255
5500,32,train,eikonal,0.002000833861529827
5500,32,train,render,0.2391417771577835
5500,32,train,total,0.2393418550491333
5600,32,train,eikonal,0.002059022895991802
5600,32,train,render,0.20900340378284454
5600,32,train,total,0.20920930802822113
5700,33,train,eikonal,0.002048283815383911
5700,33,train,render,0.21169111132621765
5700,33,train,total,0.21189594268798828
5800,34,train,eikonal,0.003055132459849119
5800,34,train,render,0.23716941475868225
5800,34,train,total,0.2374749332666397
5900,34,train,eikonal,0.0025933212600648403
5900,34,train,render,0.2139570116996765
5900,34,train,total,0.21421633660793304
6000,35,train,eikonal,0.0026582800783216953
6000,35,train,render,0.25212737917900085
6000,35,train,total,0.2523932158946991
6100,35,train,eikonal,0.002943655475974083
6100,35,train,render,0.20834921300411224
6100,35,train,total,0.2086435854434967
6200,36,train,eikonal,0.003565401304513216
6200,36,train,render,0.22898873686790466
6200,36,train,total,0.22934527695178986
6300,37,train,eikonal,0.0026096892543137074
6300,37,train,render,0.30902597308158875
6300,37,train,total,0.3092869520187378
6400,37,train,eikonal,0.004895038902759552
6400,37,train,render,0.20156250894069672
6400,37,train,total,0.2020520120859146
6500,38,train,eikonal,0.0015485616168007255
6500,38,train,render,0.21213828027248383
6500,38,train,total,0.2122931331396103
6600,38,train,eikonal,0.0029040290974080563
6600,38,train,render,0.23755565285682678
6600,38,train,total,0.23784606158733368
6700,39,train,eikonal,0.0018972347024828196
6700,39,train,render,0.2170695662498474
6700,39,train,total,0.21725928783416748
6800,40,train,eikonal,0.0018695545149967074
6800,40,train,render,0.2953462600708008
6800,40,train,total,0.2955332100391388
6900,40,train,eikonal,0.0015300740487873554
6900,40,train,render,0.2550371289253235
6900,40,train,total,0.2551901340484619
7000,41,train,eikonal,0.001194505486637354
7000,41,train,render,0.19412904977798462
7000,41,train,total,0.1942484974861145
7100,41,train,eikonal,0.0022959159687161446
7100,41,train,render,0.2207242250442505
7100,41,train,total,0.2209538221359253
7200,42,train,eikonal,0.003368850564584136
7200,42,train,render,0.3364301323890686
7200,42,train,total,0.3367670178413391
7300,42,train,eikonal,0.0028325053863227367
7300,42,train,render,0.2188304364681244
7300,42,train,total,0.21911369264125824
7400,43,train,eikonal,0.0007224560249596834
7400,43,train,render,0.18352268636226654
7400,43,train,total,0.18359492719173431
7500,44,train,eikonal,0.001907659345306456
7500,44,train,render,0.3898003399372101
7500,44,train,total,0.3899911046028137
7600,44,train,eikonal,0.004237378016114235
7600,44,train,render,0.22647365927696228
7600,44,train,total,0.22689740359783173
7700,45,train,eikonal,0.002728726714849472
7700,45,train,render,0.262630820274353
7700,45,train,total,0.26290369033813477
7800,45,train,eikonal,0.0015275112818926573
7800,45,train,render,0.27660149335861206
7800,45,train,total,0.276754230260849
7900,46,train,eikonal,0.002182681579142809
7900,46,train,render,0.2783740162849426
7900,46,train,total,0.2785922884941101
8000,47,train,eikonal,0.0012900775764137506
8000,47,train,render,0.33371925354003906
8000,47,train,total,0.3338482677936554
8100,47,train,eikonal,0.0020909090526401997
8100,47,train,render,0.23611034452915192
8100,47,train,total,0.236319437623024
8200,48,train,eikonal,0.0019330158829689026
8200,48,train,render,0.27747946977615356
8200,48,train,total,0.27767276763916016
8300,48,train,eikonal,0.001219109632074833
8300,48,train,render,0.22694219648838043
8300,48,train,total,0.2270641028881073
8400,49,train,eikonal,0.002411241177469492
8400,49,train,render,0.25538671016693115
8400,49,train,total,0.25562784075737
8500,50,train,eikonal,0.005129594821482897
8500,50,train,render,0.2242128849029541
8500,50,train,total,0.2247258424758911
8600,50,train,eikonal,0.0022623040713369846
8600,50,train,render,0.26566237211227417
8600,50,train,total,0.26588860154151917
8700,51,train,eikonal,0.0019246721640229225
8700,51,train,render,0.24688991904258728
8700,51,train,total,0.24708238244056702
8800,51,train,eikonal,0.001761960331350565
8800,51,train,render,0.2726525664329529
8800,51,train,total,0.27282875776290894
8900,52,train,eikonal,0.002161516807973385
8900,52,train,render,0.26464277505874634
8900,52,train,total,0.2648589313030243
9000,52,train,eikonal,0.0027031595818698406
9000,52,train,render,0.3072800040245056
9000,52,train,total,0.307550311088562
9100,53,train,eikonal,0.0024418304674327374
9100,53,train,render,0.21950370073318481
9100,53,train,total,0.2197478860616684
9200,54,train,eikonal,0.0031027435325086117
9200,54,train,render,0.2961099147796631
9200,54,train,total,0.2964201867580414
9300,54,train,eikonal,0.004069090820848942
9300,54,train,render,0.25006288290023804
9300,54,train,total,0.25046980381011963
9400,55,train,eikonal,0.0027817348018288612
9400,55,train,render,0.36979180574417114
9400,55,train,total,0.3700699806213379
9500,55,train,eikonal,0.0021730205044150352
9500,55,train,render,0.2246330827474594
9500,55,train,total,0.2248503863811493
9600,56,train,eikonal,0.001904328353703022
9600,56,train,render,0.31920695304870605
9600,56,train,total,0.3193973898887634
9700,57,train,eikonal,0.0029031257145106792
9700,57,train,render,0.30669093132019043
9700,57,train,total,0.30698123574256897
9800,57,train,eikonal,0.0022357054986059666
9800,57,train,render,0.24533453583717346
9800,57,train,total,0.24555811285972595
9900,58,train,eikonal,0.0014411325100809336
9900,58,train,render,0.21105918288230896
9900,58,train,total,0.21120329201221466
10000,58,train,eikonal,0.002178745809942484
10000,58,train,render,0.20226573944091797
10000,58,train,total,0.20248360931873322
10100,59,train,eikonal,0.0036935738753527403
10100,59,train,render,0.2939818203449249
10100,59,train,total,0.294351190328598
10200,60,train,eikonal,0.0017203998286277056
10200,60,train,render,0.21914993226528168
10200,60,train,total,0.21932196617126465
10300,60,train,eikonal,0.0016581739764660597
10300,60,train,render,0.23552070558071136
10300,60,train,total,0.2356865257024765
10400,61,train,eikonal,0.0014215651899576187
10400,61,train,render,0.19977650046348572
10400,61,train,total,0.19991865754127502
10500,61,train,eikonal,0.0019679199904203415
10500,61,train,render,0.3124579191207886
10500,61,train,total,0.3126547038555145
10600,62,train,eikonal,0.002148115774616599
10600,62,train,render,0.19865375757217407
10600,62,train,total,0.19886857271194458
10700,62,train,eikonal,0.002293636556714773
10700,62,train,render,0.26632776856422424
10700,62,train,total,0.26655712723731995
10800,63,train,eikonal,0.0020072204060852528
10800,63,train,render,0.25052696466445923
10800,63,train,total,0.25072768330574036
10900,64,train,eikonal,0.0031996900215744972
10900,64,train,render,0.200827494263649
10900,64,train,total,0.20114746689796448
11000,64,train,eikonal,0.002759767696261406
11000,64,train,render,0.24133063852787018
11000,64,train,total,0.24160660803318024
11100,65,train,eikonal,0.00250164233148098
11100,65,train,render,0.20426751673221588
11100,65,train,total,0.2045176774263382
11200,65,train,eikonal,0.0016959762433543801
11200,65,train,render,0.23723867535591125
11200,65,train,total,0.23740828037261963
11300,66,train,eikonal,0.002055248711258173
11300,66,train,render,0.19009336829185486
11300,66,train,total,0.1902989000082016
11400,67,train,eikonal,0.0026149379555135965
11400,67,train,render,0.3224566876888275
11400,67,train,total,0.32271817326545715
11500,67,train,eikonal,0.00167407700791955
11500,67,train,render,0.3187039792537689
11500,67,train,total,0.3188713788986206
11600,68,train,eikonal,0.002665742998942733
11600,68,train,render,0.24074605107307434
11600,68,train,total,0.24101261794567108
11700,68,train,eikonal,0.001300485455431044
11700,68,train,render,0.2432839274406433
11700,68,train,total,0.24341396987438202
11800,69,train,eikonal,0.001947113429196179
11800,69,train,render,0.29370611906051636
11800,69,train,total,0.29390081763267517
11900,70,train,eikonal,0.0023164586164057255
11900,70,train,render,0.21483354270458221
11900,70,train,total,0.21506518125534058
12000,70,train,eikonal,0.00305870920419693
12000,70,train,render,0.2283899486064911
12000,70,train,total,0.2286958247423172
12100,71,train,eikonal,0.002119960729032755
12100,71,train,render,0.25932037830352783
12100,71,train,total,0.2595323622226715
12200,71,train,eikonal,0.0009175798040814698
12200,71,train,render,0.21516680717468262
12200,71,train,total,0.21525856852531433
12300,72,train,eikonal,0.0020745780784636736
12300,72,train,render,0.2276846319437027
12300,72,train,total,0.22789208590984344
12400,72,train,eikonal,0.0014915440697222948
12400,72,train,render,0.22687818109989166
12400,72,train,total,0.22702734172344208
12500,73,train,eikonal,0.002768661128357053
12500,73,train,render,0.2570209503173828
12500,73,train,total,0.2572978138923645
12600,74,train,eikonal,0.00169850024394691
12600,74,train,render,0.2429872751235962
12600,74,train,total,0.24315711855888367
12700,74,train,eikonal,0.001300118863582611
12700,74,train,render,0.21798504889011383
12700,74,train,total,0.21811506152153015
12800,75,train,eikonal,0.002937519457191229
12800,75,train,render,0.2212420403957367
12800,75,train,total,0.221535786986351
12900,75,train,eikonal,0.0019698021933436394
12900,75,train,render,0.3166069984436035
12900,75,train,total,0.3168039917945862
13000,76,train,eikonal,0.0019147596322000027
13000,76,train,render,0.27197158336639404
13000,76,train,total,0.272163063287735
13100,77,train,eikonal,0.0013191613834351301
13100,77,train,render,0.2029913365840912
13100,77,train,total,0.20312325656414032
13200,77,train,eikonal,0.00206197751685977
13200,77,train,render,0.24141816794872284
13200,77,train,total,0.2416243702173233
13300,78,train,eikonal,0.001434982754290104
13300,78,train,render,0.23583966493606567
13300,78,train,total,0.23598316311836243
13400,78,train,eikonal,0.0014508867170661688
13400,78,train,render,0.2886125445365906
13400,78,train,total,0.2887576222419739
13500,79,train,eikonal,0.0010385731002315879
13500,79,train,render,0.29524219036102295
13500,79,train,total,0.29534605145454407
13600,80,train,eikonal,0.0018894493114203215
13600,80,train,render,0.24969148635864258
13600,80,train,total,0.24988043308258057
13700,80,train,eikonal,0.001868701889179647
13700,80,train,render,0.25521841645240784
13700,80,train,total,0.2554052770137787
13800,81,train,eikonal,0.0029692109674215317
13800,81,train,render,0.29068344831466675
13800,81,train,total,0.29098036885261536
13900,81,train,eikonal,0.0013296117540448904
13900,81,train,render,0.2213551551103592
13900,81,train,total,0.2214881181716919
14000,82,train,eikonal,0.002078787423670292
14000,82,train,render,0.30055052042007446
14000,82,train,total,0.30075839161872864
14100,82,train,eikonal,0.0013687696773558855
14100,82,train,render,0.34100663661956787
14100,82,train,total,0.34114351868629456
14200,83,train,eikonal,0.0023049437440931797
14200,83,train,render,0.22184136509895325
14200,83,train,total,0.22207185626029968
14300,84,train,eikonal,0.002213902771472931
14300,84,train,render,0.2459723800420761
14300,84,train,total,0.2461937665939331
14400,84,train,eikonal,0.0035901013761758804
14400,84,train,render,0.2682419419288635
14400,84,train,total,0.2686009407043457
14500,85,train,eikonal,0.003455412108451128
14500,85,train,render,0.2961910665035248
14500,85,train,total,0.2965365946292877
14600,85,train,eikonal,0.0015188083052635193
14600,85,train,render,0.24248453974723816
14600,85,train,total,0.24263642728328705
14700,86,train,eikonal,0.001365767908282578
14700,86,train,render,0.22486457228660583
14700,86,train,total,0.22500115633010864
14800,87,train,eikonal,0.0012071129167452455
14800,87,train,render,0.21250450611114502
14800,87,train,total,0.21262522041797638
14900,87,train,eikonal,0.0024656662717461586
14900,87,train,render,0.2268592119216919
14900,87,train,total,0.2271057814359665
15000,88,train,eikonal,0.0035109587479382753
15000,88,train,render,0.22155076265335083
15000,88,train,total,0.22190186381340027
15100,88,train,eikonal,0.0019767223857343197
15100,88,train,render,0.24909919500350952
15100,88,train,total,0.2492968738079071
15200,89,train,eikonal,0.0014679157175123692
15200,89,train,render,0.25859373807907104
15200,89,train,total,0.25874054431915283
15300,90,train,eikonal,0.0016068422701209784
15300,90,train,render,0.29333221912384033
15300,90,train,total,0.2934929132461548
15400,90,train,eikonal,0.0032422319054603577
15400,90,train,render,0.2709333300590515
15400,90,train,total,0.27125754952430725
15500,91,train,eikonal,0.0027689840644598007
15500,91,train,render,0.3162774443626404
15500,91,train,total,0.31655433773994446
15600,91,train,eikonal,0.0028591686859726906
15600,91,train,render,0.2659974992275238
15600,91,train,total,0.26628342270851135
15700,92,train,eikonal,0.002722750185057521
15700,92,train,render,0.27575546503067017
15700,92,train,total,0.27602773904800415
15800,92,train,eikonal,0.002080182544887066
15800,92,train,render,0.28082290291786194
15800,92,train,total,0.28103092312812805
15900,93,train,eikonal,0.003731074742972851
15900,93,train,render,0.2215210497379303
15900,93,train,total,0.22189415991306305
16000,94,train,eikonal,0.003090569982305169
16000,94,train,render,0.235142782330513
16000,94,train,total,0.2354518324136734
16100,94,train,eikonal,0.004558188375085592
16100,94,train,render,0.24057936668395996
16100,94,train,total,0.24103517830371857
16200,95,train,eikonal,0.0032311638351529837
16200,95,train,render,0.23242178559303284
16200,95,train,total,0.23274490237236023
16300,95,train,eikonal,0.001134709920734167
16300,95,train,render,0.2496662139892578
16300,95,train,total,0.24977968633174896
16400,96,train,eikonal,0.0012965216301381588
16400,96,train,render,0.22015522420406342
16400,96,train,total,0.22028487920761108
16500,97,train,eikonal,0.0016906298696994781
16500,97,train,render,0.2299213409423828
16500,97,train,total,0.2300904095172882
16600,97,train,eikonal,0.001804637722671032
16600,97,train,render,0.23722922801971436
16600,97,train,total,0.23740969598293304
16700,98,train,eikonal,0.001811003079637885
16700,98,train,render,0.22572878003120422
16700,98,train,total,0.22590987384319305
16800,98,train,eikonal,0.002765959594398737
16800,98,train,render,0.33234280347824097
16800,98,train,total,0.33261939883232117
16900,99,train,eikonal,0.0014434133190661669
16900,99,train,render,0.3266611099243164
16900,99,train,total,0.32680544257164
17000,100,train,eikonal,0.0024516871199011803
17000,100,train,render,0.37119489908218384
17000,100,train,total,0.371440052986145
17100,100,train,eikonal,0.0025785062462091446
17100,100,train,render,0.31047704815864563
17100,100,train,total,0.31073489785194397
17200,101,train,eikonal,0.0013351261150091887
17200,101,train,render,0.2668953537940979
17200,101,train,total,0.2670288681983948
17300,101,train,eikonal,0.002599435392767191
17300,101,train,render,0.21314750611782074
17300,101,train,total,0.2134074568748474
17400,102,train,eikonal,0.002174966037273407
17400,102,train,render,0.2670285701751709
17400,102,train,total,0.2672460675239563
17500,102,train,eikonal,0.0017079815734177828
17500,102,train,render,0.23653313517570496
17500,102,train,total,0.23670393228530884
17600,103,train,eikonal,0.003212104784324765
17600,103,train,render,0.24632063508033752
17600,103,train,total,0.2466418445110321
17700,104,train,eikonal,0.0021853079088032246
17700,104,train,render,0.3226993680000305
17700,104,train,total,0.3229179084300995
17800,104,train,eikonal,0.002974452916532755
17800,104,train,render,0.26549261808395386
17800,104,train,total,0.26579007506370544
17900,105,train,eikonal,0.002149709267541766
17900,105,train,render,0.20829440653324127
17900,105,train,total,0.20850937068462372
18000,105,train,eikonal,0.0024545288179069757
18000,105,train,render,0.23759092390537262
18000,105,train,total,0.23783637583255768
18100,106,train,eikonal,0.0013741228030994534
18100,106,train,render,0.20117242634296417
18100,106,train,total,0.20130984485149384
18200,107,train,eikonal,0.00108876742888242
18200,107,train,render,0.28307044506073
18200,107,train,total,0.28317931294441223
18300,107,train,eikonal,0.0014885526616126299
18300,107,train,render,0.2064550518989563
18300,107,train,total,0.20660391449928284
18400,108,train,eikonal,0.0026692007668316364
18400,108,train,render,0.2165503352880478
18400,108,train,total,0.21681725978851318
18500,108,train,eikonal,0.0007814712589606643
18500,108,train,render,0.19678303599357605
18500,108,train,total,0.1968611776828766
18600,109,train,eikonal,0.0012074713595211506
18600,109,train,render,0.19519740343093872
18600,109,train,total,0.19531814754009247
18700,110,train,eikonal,0.0028870576061308384
18700,110,train,render,0.3056025505065918
18700,110,train,total,0.3058912456035614
18800,110,train,eikonal,0.0009993368294090033
18800,110,train,render,0.1857537478208542
18800,110,train,total,0.18585367500782013
18900,111,train,eikonal,0.00321423402056098
18900,111,train,render,0.2255951166152954
18900,111,train,total,0.2259165346622467
19000,111,train,eikonal,0.0012632021680474281
19000,111,train,render,0.29676932096481323
19000,111,train,total,0.2968956530094147
19100,112,train,eikonal,0.0006011261139065027
19100,112,train,render,0.20661212503910065
19100,112,train,total,0.20667223632335663
19200,112,train,eikonal,0.002740531926974654
19200,112,train,render,0.25560012459754944
19200,112,train,total,0.2558741867542267
19300,113,train,eikonal,0.0015626127133145928
19300,113,train,render,0.20835044980049133
19300,113,train,total,0.2085067182779312
19400,114,train,eikonal,0.0005460900138132274
19400,114,train,render,0.19507542252540588
19400,114,train,total,0.19513003528118134
19500,114,train,eikonal,0.0026629678905010223
19500,114,train,render,0.3246498107910156
19500,114,train,total,0.3249160945415497
19600,115,train,eikonal,0.00116997049190104
19600,115,train,render,0.20490795373916626
19600,115,train,total,0.20502495765686035
19700,115,train,eikonal,0.0020074716303497553
19700,115,train,render,0.3163308799266815
19700,115,train,total,0.31653162837028503
19800,116,train,eikonal,0.0019874493591487408
19800,116,train,render,0.2608521580696106
19800,116,train,total,0.26105090975761414
19900,117,train,eikonal,0.0012791093904525042
19900,117,train,render,0.25795483589172363
19900,117,train,total,0.2580827474594116
20000,117,train,eikonal,0.003004966303706169
20000,117,train,render,0.25253796577453613
20000,117,train,total,0.25283846259117126
20100,118,train,eikonal,0.0022716738749295473
20100,118,train,render,0.31744584441185
20100,118,train,total,0.317672997713089
20200,118,train,eikonal,0.002377195516601205
20200,118,train,render,0.3402373790740967
20200,118,train,total,0.3404751121997833
20300,119,train,eikonal,0.0026376883033663034
20300,119,train,render,0.31027236580848694
20300,119,train,total,0.31053614616394043
20400,120,train,eikonal,0.0022331085056066513
20400,120,train,render,0.23046916723251343
20400,120,train,total,0.23069247603416443
20500,120,train,eikonal,0.001641375944018364
20500,120,train,render,0.21946361660957336
20500,120,train,total,0.2196277529001236
20600,121,train,eikonal,0.002769953105598688
20600,121,train,render,0.21020333468914032
20600,121,train,total,0.21048033237457275
20700,121,train,eikonal,0.0014926926232874393
20700,121,train,render,0.2424740195274353
20700,121,train,total,0.24262328445911407
20800,122,train,eikonal,0.0018910507205873728
20800,122,train,render,0.2432185709476471
20800,122,train,total,0.24340768158435822
20900,122,train,eikonal,0.0025094079319387674
20900,122,train,render,0.2037334442138672
20900,122,train,total,0.20398437976837158
21000,123,train,eikonal,0.0012212898582220078
21000,123,train,render,0.30072444677352905
21000,123,train,total,0.30084657669067383
21100,124,train,eikonal,0.0027045055758208036
21100,124,train,render,0.22609058022499084
21100,124,train,total,0.22636103630065918
21200,124,train,eikonal,0.0018885042518377304
21200,124,train,render,0.27393025159835815
21200,124,train,total,0.274119108915329
21300,125,train,eikonal,0.0023925788700580597
21300,125,train,render,0.23008829355239868
21300,125,train,total,0.2303275465965271
21400,125,train,eikonal,0.0018654634477570653
21400,125,train,render,0.21696871519088745
21400,125,train,total,0.21715526282787323
21500,126,train,eikonal,0.001847163075581193
21500,126,train,render,0.23115107417106628
21500,126,train,total,0.23133578896522522
21600,127,train,eikonal,0.0009260224178433418
21600,127,train,render,0.19958151876926422
21600,127,train,total,0.1996741145849228
21700,127,train,eikonal,0.0019061341881752014
21700,127,train,render,0.19504231214523315
21700,127,train,total,0.19523292779922485
21800,128,train,eikonal,0.004003176465630531
21800,128,train,render,0.30728697776794434
21800,128,train,total,0.30768728256225586
21900,128,train,eikonal,0.0028425210621207952
21900,128,train,render,0.2319849729537964
21900,128,train,total,0.23226922750473022
22000,129,train,eikonal,0.0023749521933496
22000,129,train,render,0.3093274235725403
22000,129,train,total,0.3095649182796478
22100,130,train,eikonal,0.0013920015189796686
22100,130,train,render,0.2257080376148224
22100,130,train,total,0.2258472442626953
22200,130,train,eikonal,0.0026058426592499018
22200,130,train,render,0.260054349899292
22200,130,train,total,0.26031494140625
22300,131,train,eikonal,0.00339367613196373
22300,131,train,render,0.29140424728393555
22300,131,train,total,0.29174360632896423
22400,131,train,eikonal,0.001262890174984932
22400,131,train,render,0.2615426182746887
22400,131,train,total,0.2616689205169678
22500,132,train,eikonal,0.0015238940250128508
22500,132,train,render,0.35467225313186646
22500,132,train,total,0.35482463240623474
22600,132,train,eikonal,0.002492680214345455
22600,132,train,render,0.30363014340400696
22600,132,train,total,0.30387941002845764
22700,133,train,eikonal,0.0015940774464979768
22700,133,train,render,0.23246297240257263
22700,133,train,total,0.23262238502502441
22800,134,train,eikonal,0.0017261909088119864
22800,134,train,render,0.3541406989097595
22800,134,train,total,0.35431331396102905
22900,134,train,eikonal,0.001252496149390936
22900,134,train,render,0.24450570344924927
22900,134,train,total,0.24463094770908356
23000,135,train,eikonal,0.0023710799869149923
23000,135,train,render,0.20688718557357788
23000,135,train,total,0.20712429285049438
23100,135,train,eikonal,0.0021582539193332195
23100,135,train,render,0.26596587896347046
23100,135,train,total,0.26618170738220215
23200,136,train,eikonal,0.0015719318762421608
23200,136,train,render,0.30405735969543457
23200,136,train,total,0.30421456694602966
23300,137,train,eikonal,0.001917360001243651
23300,137,train,render,0.2981448173522949
23300,137,train,total,0.29833656549453735
23400,137,train,eikonal,0.0018090945668518543
23400,137,train,render,0.26345616579055786
23400,137,train,total,0.26363706588745117
23500,138,train,eikonal,0.0017361048376187682
23500,138,train,render,0.24784456193447113
23500,138,train,total,0.24801817536354065
23600,138,train,eikonal,0.0015136321308091283
23600,138,train,render,0.3581855893135071
23600,138,train,total,0.3583369553089142
23700,139,train,eikonal,0.002637302502989769
23700,139,train,render,0.21632280945777893
23700,139,train,total,0.21658654510974884
23800,140,train,eikonal,0.0018771052127704024
23800,140,train,render,0.28979361057281494
23800,140,train,total,0.28998133540153503
23900,140,train,eikonal,0.0021153632551431656
23900,140,train,render,0.29586732387542725
23900,140,train,total,0.2960788607597351
24000,141,train,eikonal,0.002103236271068454
24000,141,train,render,0.2096571922302246
24000,141,train,total,0.20986752212047577
24100,141,train,eikonal,0.0029626970645040274
24100,141,train,render,0.30072635412216187
24100,141,train,total,0.30102261900901794
24200,142,train,eikonal,0.001275219488888979
24200,142,train,render,0.1765337586402893
24200,142,train,total,0.17666128277778625
24300,142,train,eikonal,0.0024207881651818752
24300,142,train,render,0.27534425258636475
24300,142,train,total,0.27558633685112
24400,143,train,eikonal,0.00112432474270463
24400,143,train,render,0.2100037783384323
24400,143,train,total,0.2101162075996399
24500,144,train,eikonal,0.0030009017791599035
24500,144,train,render,0.2552696764469147
24500,144,train,total,0.2555697560310364
24600,144,train,eikonal,0.00249133026227355
24600,144,train,render,0.30274635553359985
24600,144,train,total,0.302995502948761
24700,145,train,eikonal,0.0018570419633761048
24700,145,train,render,0.22087544202804565
24700,145,train,total,0.22106114029884338
24800,145,train,eikonal,0.0022667814046144485
24800,145,train,render,0.24621695280075073
24800,145,train,total,0.24644362926483154
24900,146,train,eikonal,0.0021027575712651014
24900,146,train,render,0.2006925642490387
24900,146,train,total,0.20090283453464508
25000,147,train,eikonal,0.00161005649715662
25000,147,train,render,0.2589564323425293
25000,147,train,total,0.2591174244880676
25100,147,train,eikonal,0.0026749540120363235
25100,147,train,render,0.278069406747818
25100,147,train,total,0.27833691239356995
25200,148,train,eikonal,0.0028187022544443607
25200,148,train,render,0.209822416305542
25200,148,train,total,0.21010428667068481
25300,148,train,eikonal,0.0026715563144534826
25300,148,train,render,0.3051920235157013
25300,148,train,total,0.3054591715335846
25400,149,train,eikonal,0.0037205119151622057
25400,149,train,render,0.21098700165748596
25400,149,train,total,0.21135905385017395
25500,150,train,eikonal,0.003390079829841852
25500,150,train,render,0.32827550172805786
25500,150,train,total,0.3286145031452179
25600,150,train,eikonal,0.0026243291795253754
25600,150,train,render,0.2844238579273224
25600,150,train,total,0.28468629717826843
25700,151,train,eikonal,0.0010547630954533815
25700,151,train,render,0.2263820767402649
25700,151,train,total,0.22648754715919495
25800,151,train,eikonal,0.002207334153354168
25800,151,train,render,0.3289675712585449
25800,151,train,total,0.3291883170604706
25900,152,train,eikonal,0.0020815019961446524
25900,152,train,render,0.41113096475601196
25900,152,train,total,0.4113391041755676
26000,152,train,eikonal,0.003020280273631215
26000,152,train,render,0.21092118322849274
26000,152,train,total,0.21122321486473083
26100,153,train,eikonal,0.0015706211561337113
26100,153,train,render,0.28280147910118103
26100,153,train,total,0.2829585373401642
26200,154,train,eikonal,0.002533226739615202
26200,154,train,render,0.22296345233917236
26200,154,train,total,0.22321677207946777
26300,154,train,eikonal,0.0029516820795834064
26300,154,train,render,0.30450326204299927
26300,154,train,total,0.304798424243927
26400,155,train,eikonal,0.0019103259546682239
26400,155,train,render,0.2680663466453552
26400,155,train,total,0.26825737953186035
26500,155,train,eikonal,0.0017656015697866678
26500,155,train,render,0.2731828987598419
26500,155,train,total,0.2733594477176666
26600,156,train,eikonal,0.0016721340361982584
26600,156,train,render,0.22401422262191772
26600,156,train,total,0.22418144345283508
26700,157,train,eikonal,0.0018009019549936056
26700,157,train,render,0.2973330616950989
26700,157,train,total,0.2975131571292877
26800,157,train,eikonal,0.003099170746281743
26800,157,train,render,0.2207108736038208
26800,157,train,total,0.22102078795433044
26900,158,train,eikonal,0.0014334768056869507
26900,158,train,render,0.3193715214729309
26900,158,train,total,0.3195148706436157
27000,158,train,eikonal,0.0016521504148840904
27000,158,train,render,0.21892882883548737
27000,158,train,total,0.21909403800964355
27100,159,train,eikonal,0.002565334551036358
27100,159,train,render,0.22979427874088287
27100,159,train,total,0.23005081713199615
27200,160,train,eikonal,0.0019620200619101524
27200,160,train,render,0.23507210612297058
27200,160,train,total,0.23526830971240997
27300,160,train,eikonal,0.0032855477184057236
27300,160,train,render,0.3035022020339966
27300,160,train,total,0.30383074283599854
27400,161,train,eikonal,0.001024687197059393
27400,161,train,render,0.26456502079963684
27400,161,train,total,0.26466748118400574
27500,161,train,eikonal,0.0020606997422873974
27500,161,train,render,0.3358234167098999
27500,161,train,total,0.3360294997692108
27600,162,train,eikonal,0.0010720056015998125
27600,162,train,render,0.24041762948036194
27600,162,train,total,0.24052482843399048
27700,162,train,eikonal,0.0024855653755366802
27700,162,train,render,0.24364757537841797
27700,162,train,total,0.24389612674713135
27800,163,train,eikonal,0.002332893665879965
27800,163,train,render,0.23438847064971924
27800,163,train,total,0.23462176322937012
27900,164,train,eikonal,0.0015579931205138564
27900,164,train,render,0.24021703004837036
27900,164,train,total,0.24037283658981323
28000,164,train,eikonal,0.001413135789334774
28000,164,train,render,0.2348105013370514
28000,164,train,total,0.23495180904865265
28100,165,train,eikonal,0.003105125855654478
28100,165,train,render,0.23257556557655334
28100,165,train,total,0.23288607597351074
28200,165,train,eikonal,0.002609413582831621
28200,165,train,render,0.23024792969226837
28200,165,train,total,0.23050886392593384
28300,166,train,eikonal,0.0024354516062885523
28300,166,train,render,0.2831007242202759
28300,166,train,total,0.2833442687988281
28400,167,train,eikonal,0.0017975810915231705
28400,167,train,render,0.22475481033325195
28400,167,train,total,0.22493456304073334
28500,167,train,eikonal,0.0023070177994668484
28500,167,train,render,0.24996277689933777
28500,167,train,total,0.2501934766769409
28600,168,train,eikonal,0.0006660615326836705
28600,168,train,render,0.22064504027366638
28600,168,train,total,0.22071164846420288
28700,168,train,eikonal,0.0017794955056160688
28700,168,train,render,0.2905765175819397
28700,168,train,total,0.2907544672489166
28800,169,train,eikonal,0.0017660155426710844
28800,169,train,render,0.33818379044532776
28800,169,train,total,0.33836039900779724
28900,170,train,eikonal,0.0023873592726886272
28900,170,train,render,0.2390415519475937
28900,170,train,total,0.23928028345108032
29000,170,train,eikonal,0.0017727217637002468
29000,170,train,render,0.2281419038772583
29000,170,train,total,0.2283191829919815
29100,171,train,eikonal,0.0015198829350993037
29100,171,train,render,0.2619309425354004
29100,171,train,total,0.26208293437957764
29200,171,train,eikonal,0.0015590370167046785
29200,171,train,render,0.20934462547302246
29200,171,train,total,0.2095005363225937
29300,172,train,eikonal,0.0017700024181976914
29300,172,train,render,0.24298998713493347
29300,172,train,total,0.243166983127594
29400,172,train,eikonal,0.003469832707196474
29400,172,train,render,0.2784385681152344
29400,172,train,total,0.2787855565547943
29500,173,train,eikonal,0.0013638155069202185
29500,173,train,render,0.23437196016311646
29500,173,train,total,0.23450833559036255
29600,174,train,eikonal,0.003144879825413227
29600,174,train,render,0.22492115199565887
29600,174,train,total,0.22523564100265503
29700,174,train,eikonal,0.002184812445193529
29700,174,train,render,0.2641104459762573
29700,174,train,total,0.2643289268016815
29800,175,train,eikonal,0.0020306070800870657
29800,175,train,render,0.21238479018211365
29800,175,train,total,0.2125878483057022
29900,175,train,eikonal,0.0026990941260010004
29900,175,train,render,0.23614370822906494
29900,175,train,total,0.2364136129617691
30000,176,train,eikonal,0.001955878222361207
30000,176,train,render,0.19890783727169037
30000,176,train,total,0.1991034299135208
30100,177,train,eikonal,0.0018928296631202102
30100,177,train,render,0.20425957441329956
30100,177,train,total,0.204448863863945
30200,177,train,eikonal,0.002574722282588482
30200,177,train,render,0.25833505392074585
30200,177,train,total,0.25859251618385315
30300,178,train,eikonal,0.002026958391070366
30300,178,train,render,0.26750341057777405
30300,178,train,total,0.26770609617233276
30400,178,train,eikonal,0.002668171189725399
30400,178,train,render,0.23299942910671234
30400,178,train,total,0.23326624929904938
30500,179,train,eikonal,0.00017530942568555474
30500,179,train,render,0.18731266260147095
30500,179,train,total,0.1873301863670349
30600,180,train,eikonal,0.002222310286015272
30600,180,train,render,0.24523410201072693
30600,180,train,total,0.24545633792877197
30700,180,train,eikonal,0.0010057258186861873
30700,180,train,render,0.2841009199619293
30700,180,train,total,0.2842015027999878
30800,181,train,eikonal,0.0019311271607875824
30800,181,train,render,0.23307470977306366
30800,181,train,total,0.23326782882213593
30900,181,train,eikonal,0.0013772083912044764
30900,181,train,render,0.3651615381240845
30900,181,train,total,0.365299254655838
31000,182,train,eikonal,0.002486445941030979
31000,182,train,render,0.24628011882305145
31000,182,train,total,0.246528759598732
31100,182,train,eikonal,0.002685082610696554
31100,182,train,render,0.2577051520347595
31100,182,train,total,0.25797367095947266
31200,183,train,eikonal,0.0026684817858040333
31200,183,train,render,0.2513921856880188
31200,183,train,total,0.2516590356826782
31300,184,train,eikonal,0.002696861047297716
31300,184,train,render,0.28023162484169006
31300,184,train,total,0.2805013060569763
31400,184,train,eikonal,0.0016551179578527808
31400,184,train,render,0.2511898875236511
31400,184,train,total,0.2513554096221924
31500,185,train,eikonal,0.0034557869657874107
31500,185,train,render,0.23878270387649536
31500,185,train,total,0.23912827670574188
31600,185,train,eikonal,0.0026064463891088963
31600,185,train,render,0.21461887657642365
31600,185,train,total,0.21487952768802643
31700,186,train,eikonal,0.0025116698816418648
31700,186,train,render,0.2157108038663864
31700,186,train,total,0.2159619778394699
31800,187,train,eikonal,0.0017181725706905127
31800,187,train,render,0.23347365856170654
31800,187,train,total,0.2336454689502716
31900,187,train,eikonal,0.002761179581284523
31900,187,train,render,0.21490585803985596
31900,187,train,total,0.21518197655677795
32000,188,train,eikonal,0.0016817550640553236
32000,188,train,render,0.38627880811691284
32000,188,train,total,0.3864469826221466
32100,188,train,eikonal,0.0016623222036287189
32100,188,train,render,0.21921685338020325
32100,188,train,total,0.2193830907344818
32200,189,train,eikonal,0.0017378157936036587
32200,189,train,render,0.23829197883605957
32200,189,train,total,0.23846575617790222
32300,190,train,eikonal,0.002206231700256467
32300,190,train,render,0.19410440325737
32300,190,train,total,0.1943250298500061
32400,190,train,eikonal,0.002021225867792964
32400,190,train,render,0.2615455985069275
32400,190,train,total,0.26174771785736084
32500,191,train,eikonal,0.002520923735573888
32500,191,train,render,0.27404680848121643
32500,191,train,total,0.27429890632629395
32600,191,train,eikonal,0.0019444068893790245
32600,191,train,render,0.2677147388458252
32600,191,train,total,0.2679091691970825
32700,192,train,eikonal,0.0032543963752686977
32700,192,train,render,0.2507927715778351
32700,192,train,total,0.2511182129383087
32800,192,train,eikonal,0.002752066822722554
32800,192,train,render,0.20835182070732117
32800,192,train,total,0.20862703025341034
32900,193,train,eikonal,0.0017942122649401426
32900,193,train,render,0.22075220942497253
32900,193,train,total,0.22093163430690765
33000,194,train,eikonal,0.0020108441822230816
33000,194,train,render,0.2524249255657196
33000,194,train,total,0.2526260018348694
33100,194,train,eikonal,0.002232228871434927
33100,194,train,render,0.3292970657348633
33100,194,train,total,0.3295202851295471
33200,195,train,eikonal,0.004248030483722687
33200,195,train,render,0.22120119631290436
33200,195,train,total,0.22162599861621857
33300,195,train,eikonal,0.00334381777793169
33300,195,train,render,0.2082221657037735
33300,195,train,total,0.20855654776096344
33400,196,train,eikonal,0.001990528078749776
33400,196,train,render,0.22282400727272034
33400,196,train,total,0.22302305698394775
33500,197,train,eikonal,0.0011544947046786547
33500,197,train,render,0.2901177406311035
33500,197,train,total,0.29023319482803345
33600,197,train,eikonal,0.0016125310212373734
33600,197,train,render,0.22263957560062408
33600,197,train,total,0.2228008359670639
33700,198,train,eikonal,0.0010374417761340737
33700,198,train,render,0.22371673583984375
33700,198,train,total,0.22382047772407532
33800,198,train,eikonal,0.0020719687454402447
33800,198,train,render,0.2834419012069702
33800,198,train,total,0.2836490869522095
33900,199,train,eikonal,0.0036003736313432455
33900,199,train,render,0.24011246860027313
33900,199,train,total,0.24047251045703888
34000,200,train,eikonal,0.002922018989920616
34000,200,train,render,0.2382170557975769
34000,200,train,total,0.23850925266742706
34100,200,train,eikonal,0.0011475314386188984
34100,200,train,render,0.27392512559890747
34100,200,train,total,0.2740398645401001
34200,201,train,eikonal,0.0025817956775426865
34200,201,train,render,0.23760390281677246
34200,201,train,total,0.23786208033561707
34300,201,train,eikonal,0.0009898135904222727
34300,201,train,render,0.2107084095478058
34300,201,train,total,0.21080739796161652
34400,202,train,eikonal,0.0025346707552671432
34400,202,train,render,0.26429232954978943
34400,202,train,total,0.2645457983016968
34500,202,train,eikonal,0.001430664211511612
34500,202,train,render,0.21174167096614838
34500,202,train,total,0.2118847370147705
34600,203,train,eikonal,0.004010357894003391
34600,203,train,render,0.27884429693222046
34600,203,train,total,0.2792453467845917
34700,204,train,eikonal,0.001505316817201674
34700,204,train,render,0.28376269340515137
34700,204,train,total,0.2839132249355316
34800,204,train,eikonal,0.001092110644094646
34800,204,train,render,0.20619696378707886
34800,204,train,total,0.20630617439746857
34900,205,train,eikonal,0.0018944122130051255
34900,205,train,render,0.24286341667175293
34900,205,train,total,0.24305285513401031
35000,205,train,eikonal,0.002445575315505266
35000,205,train,render,0.29993027448654175
35000,205,train,total,0.3001748323440552
35100,206,train,eikonal,0.0039611198008060455
35100,206,train,render,0.22634540498256683
35100,206,train,total,0.22674152255058289
35200,207,train,eikonal,0.003037584014236927
35200,207,train,render,0.21255818009376526
35200,207,train,total,0.21286194026470184
35300,207,train,eikonal,0.003290698165073991
35300,207,train,render,0.24139617383480072
35300,207,train,total,0.24172525107860565
35400,208,train,eikonal,0.0040494417771697044
35400,208,train,render,0.3038588762283325
35400,208,train,total,0.3042638301849365
35500,208,train,eikonal,0.001752847689203918
35500,208,train,render,0.30482974648475647
35500,208,train,total,0.3050050437450409
35600,209,train,eikonal,0.0015375446528196335
35600,209,train,render,0.28538912534713745
35600,209,train,total,0.28554287552833557
35700,210,train,eikonal,0.0013422740157693624
35700,210,train,render,0.22127041220664978
35700,210,train,total,0.22140464186668396
35800,210,train,eikonal,0.0024224722292274237
35800,210,train,render,0.2528786063194275
35800,210,train,total,0.2531208395957947
35900,211,train,eikonal,0.00208358489908278
35900,211,train,render,0.21343383193016052
35900,211,train,total,0.2136421948671341
36000,211,train,eikonal,0.0025146137923002243
36000,211,train,render,0.27672868967056274
36000,211,train,total,0.2769801616668701
36100,212,train,eikonal,0.0021082847379148006
36100,212,train,render,0.24230754375457764
36100,212,train,total,0.2425183653831482
36200,212,train,eikonal,0.0048684109933674335
36200,212,train,render,0.2167280614376068
36200,212,train,total,0.217214897274971
36300,213,train,eikonal,0.0015290386509150267
36300,213,train,render,0.2852436900138855
36300,213,train,total,0.28539660573005676
36400,214,train,eikonal,0.001955889631062746
36400,214,train,render,0.3391997814178467
36400,214,train,total,0.3393953740596771
36500,214,train,eikonal,0.0025208850856870413
36500,214,train,render,0.2833760976791382
36500,214,train,total,0.2836281955242157
36600,215,train,eikonal,0.004204950761049986
36600,215,train,render,0.22009165585041046
36600,215,train,total,0.22051215171813965
36700,215,train,eikonal,0.0015461612492799759
36700,215,train,render,0.28572243452072144
36700,215,train,total,0.2858770489692688
36800,216,train,eikonal,0.0029834965243935585
36800,216,train,render,0.205704003572464
36800,216,train,total,0.2060023546218872
36900,217,train,eikonal,0.003197907470166683
36900,217,train,render,0.30986249446868896
36900,217,train,total,0.31018227338790894
37000,217,train,eikonal,0.0015766376163810492
37000,217,train,render,0.2503112554550171
37000,217,train,total,0.250468909740448
37100,218,train,eikonal,0.002209639409556985
37100,218,train,render,0.2120058536529541
37100,218,train,total,0.21222682297229767
37200,218,train,eikonal,0.003566375933587551
37200,218,train,render,0.2888319492340088
37200,218,train,total,0.28918859362602234
37300,219,train,eikonal,0.0017591400537639856
37300,219,train,render,0.2364208698272705
37300,219,train,total,0.23659677803516388
37400,220,train,eikonal,0.002086737658828497
37400,220,train,render,0.3064468502998352
37400,220,train,total,0.30665552616119385
37500,220,train,eikonal,0.00305602652952075
37500,220,train,render,0.21592269837856293
37500,220,train,total,0.21622830629348755
37600,221,train,eikonal,0.0032038879580795765
37600,221,train,render,0.21070249378681183
37600,221,train,total,0.21102288365364075
37700,221,train,eikonal,0.002904728055000305
37700,221,train,render,0.23081982135772705
37700,221,train,total,0.23111028969287872
37800,222,train,eikonal,0.0023187613114714622
37800,222,train,render,0.21824683248996735
37800,222,train,total,0.2184787094593048
37900,222,train,eikonal,0.002820363035425544
37900,222,train,render,0.20826928317546844
37900,222,train,total,0.2085513174533844
38000,223,train,eikonal,0.003601818811148405
38000,223,train,render,0.19643345475196838
38000,223,train,total,0.19679363071918488
38100,224,train,eikonal,0.0020978464744985104
38100,224,train,render,0.25936028361320496
38100,224,train,total,0.25957006216049194
38200,224,train,eikonal,0.002520975423976779
38200,224,train,render,0.2641940712928772
38200,224,train,total,0.2644461691379547
38300,225,train,eikonal,0.0013351913075894117
38300,225,train,render,0.23901847004890442
38300,225,train,total,0.2391519844532013
38400,225,train,eikonal,0.002024819375947118
38400,225,train,render,0.3106918931007385
38400,225,train,total,0.3108943700790405
38500,226,train,eikonal,0.0024583819322288036
38500,226,train,render,0.2411859780550003
38500,226,train,total,0.2414318174123764
38600,227,train,eikonal,0.0017873733304440975
38600,227,train,render,0.24166645109653473
38600,227,train,total,0.24184519052505493
38700,227,train,eikonal,0.0029596334788948298
38700,227,train,render,0.23618721961975098
38700,227,train,total,0.23648318648338318
38800,228,train,eikonal,0.002147344406694174
38800,228,train,render,0.21469536423683167
38800,228,train,total,0.2149101048707962
38900,228,train,eikonal,0.003217605408281088
38900,228,train,render,0.27594053745269775
38900,228,train,total,0.2762622833251953
39000,229,train,eikonal,0.004451503977179527
39000,229,train,render,0.22503533959388733
39000,229,train,total,0.22548049688339233
39100,230,train,eikonal,0.002349670510739088
39100,230,train,render,0.24221853911876678
39100,230,train,total,0.24245350062847137
39200,230,train,eikonal,0.0021491525694727898
39200,230,train,render,0.2275458723306656
39200,230,train,total,0.22776079177856445
39300,231,train,eikonal,0.0021843500435352325
39300,231,train,render,0.2912272810935974
39300,231,train,total,0.29144570231437683
39400,231,train,eikonal,0.0024542557075619698
39400,231,train,render,0.21171239018440247
39400,231,train,total,0.21195781230926514
39500,232,train,eikonal,0.002213745377957821
39500,232,train,render,0.25435203313827515
39500,232,train,total,0.25457340478897095
39600,232,train,eikonal,0.002130510052666068
39600,232,train,render,0.24860134720802307
39600,232,train,total,0.2488144040107727
39700,233,train,eikonal,0.0023811322171241045
39700,233,train,render,0.3347074091434479
39700,233,train,total,0.33494552969932556
39800,234,train,eikonal,0.0022698435932397842
39800,234,train,render,0.22580236196517944
39800,234,train,total,0.22602935135364532
39900,234,train,eikonal,0.0022418980952352285
39900,234,train,render,0.26146966218948364
39900,234,train,total,0.2616938650608063
40000,235,train,eikonal,0.0017894287593662739
40000,235,train,render,0.27094072103500366
40000,235,train,total,0.2711196541786194
40100,235,train,eikonal,0.001259399694390595
40100,235,train,render,0.21921175718307495
40100,235,train,total,0.21933770179748535
40200,236,train,eikonal,0.0016667363233864307
40200,236,train,render,0.22174304723739624
40200,236,train,total,0.22190971672534943
40300,237,train,eikonal,0.00201675808057189
40300,237,train,render,0.24897423386573792
40300,237,train,total,0.24917590618133545
40400,237,train,eikonal,0.0007685187156312168
40400,237,train,render,0.18693622946739197
40400,237,train,total,0.18701307475566864
40500,238,train,eikonal,0.0023885793052613735
40500,238,train,render,0.2927677035331726
40500,238,train,total,0.29300656914711
40600,238,train,eikonal,0.0012933419784530997
40600,238,train,render,0.2631138861179352
40600,238,train,total,0.2632432281970978
40700,239,train,eikonal,0.0017540870467200875
40700,239,train,render,0.31055426597595215
40700,239,train,total,0.3107296824455261
40800,240,train,eikonal,0.0013979407958686352
40800,240,train,render,0.24002932012081146
40800,240,train,total,0.24016910791397095
40900,240,train,eikonal,0.002149847336113453
40900,240,train,render,0.26577281951904297
40900,240,train,total,0.2659878134727478
41000,241,train,eikonal,0.004319126717746258
41000,241,train,render,0.23614270985126495
41000,241,train,total,0.23657462000846863
41100,241,train,eikonal,0.0005085177253931761
41100,241,train,render,0.2539448142051697
41100,241,train,total,0.2539956569671631
41200,242,train,eikonal,0.0017841942608356476
41200,242,train,render,0.2420511692762375
41200,242,train,total,0.24222959578037262
41300,242,train,eikonal,0.001872394816018641
41300,242,train,render,0.218309685587883
41300,242,train,total,0.2184969186782837
41400,243,train,eikonal,0.001636536791920662
41400,243,train,render,0.2063770741224289
41400,243,train,total,0.20654073357582092
41500,244,train,eikonal,0.002830810844898224
41500,244,train,render,0.21791057288646698
41500,244,train,total,0.2181936502456665
41600,244,train,eikonal,0.0005500835250131786
41600,244,train,render,0.2420479953289032
41600,244,train,total,0.24210301041603088
41700,245,train,eikonal,0.0018039097776636481
41700,245,train,render,0.2528110444545746
41700,245,train,total,0.2529914379119873
41800,245,train,eikonal,0.0013421406038105488
41800,245,train,render,0.29510217905044556
41800,245,train,total,0.29523637890815735
41900,246,train,eikonal,0.0028867078945040703
41900,246,train,render,0.23208007216453552
41900,246,train,total,0.23236873745918274
42000,247,train,eikonal,0.00326460856013
42000,247,train,render,0.24292252957820892
42000,247,train,total,0.24324898421764374
42100,247,train,eikonal,0.0018375911749899387
42100,247,train,render,0.23136034607887268
42100,247,train,total,0.2315441071987152
42200,248,train,eikonal,0.0007604931015521288
42200,248,train,render,0.3114506006240845
42200,248,train,total,0.31152665615081787
42300,248,train,eikonal,0.0022966088727116585
42300,248,train,render,0.20831042528152466
42300,248,train,total,0.20854008197784424
42400,249,train,eikonal,0.0027596906293183565
42400,249,train,render,0.3125128149986267
42400,249,train,total,0.31278878450393677
42500,250,train,eikonal,0.0014911046018823981
42500,250,train,render,0.3306977450847626
42500,250,train,total,0.3308468461036682
42600,250,train,eikonal,0.0013654548674821854
42600,250,train,render,0.27281439304351807
42600,250,train,total,0.2729509472846985
42700,251,train,eikonal,0.002344717737287283
42700,251,train,render,0.3536505699157715
42700,251,train,total,0.35388505458831787
42800,251,train,eikonal,0.0015330862952396274
42800,251,train,render,0.29821324348449707
42800,251,train,total,0.2983665466308594
42900,252,train,eikonal,0.0018924714531749487
42900,252,train,render,0.2504943609237671
42900,252,train,total,0.25068360567092896
43000,252,train,eikonal,0.003815203905105591
43000,252,train,render,0.19954165816307068
43000,252,train,total,0.19992317259311676
43100,253,train,eikonal,0.002424749545753002
43100,253,train,render,0.22868612408638
43100,253,train,total,0.2289285957813263
43200,254,train,eikonal,0.0007564033730886877
43200,254,train,render,0.21226152777671814
43200,254,train,total,0.2123371660709381
43300,254,train,eikonal,0.0011971761705353856
43300,254,train,render,0.1884646713733673
43300,254,train,total,0.18858438730239868
43400,255,train,eikonal,0.0016591046005487442
43400,255,train,render,0.28873127698898315
43400,255,train,total,0.28889718651771545
43500,255,train,eikonal,0.0021349366288632154
43500,255,train,render,0.20856991410255432
43500,255,train,total,0.20878340303897858
43600,256,train,eikonal,0.0022100377827882767
43600,256,train,render,0.2989041805267334
43600,256,train,total,0.29912519454956055
43700,257,train,eikonal,0.001602538162842393
43700,257,train,render,0.2128978818655014
43700,257,train,total,0.21305812895298004
43800,257,train,eikonal,0.0019738408736884594
43800,257,train,render,0.1963353306055069
43800,257,train,total,0.1965327113866806
43900,258,train,eikonal,0.0021482158917933702
43900,258,train,render,0.25103312730789185
43900,258,train,total,0.25124794244766235
44000,258,train,eikonal,0.0030982312746345997
44000,258,train,render,0.3201836943626404
44000,258,train,total,0.32049351930618286
44100,259,train,eikonal,0.0009324441198259592
44100,259,train,render,0.24865610897541046
44100,259,train,total,0.24874936044216156
44200,260,train,eikonal,0.001938220695592463
44200,260,train,render,0.2984907627105713
44200,260,train,total,0.29868459701538086
44300,260,train,eikonal,0.0016789184883236885
44300,260,train,render,0.30606216192245483
44300,260,train,total,0.3062300682067871
44400,261,train,eikonal,0.003472074866294861
44400,261,train,render,0.2304142713546753
44400,261,train,total,0.23076148331165314
44500,261,train,eikonal,0.0014104717411100864
44500,261,train,render,0.1990046203136444
44500,261,train,total,0.19914567470550537
44600,262,train,eikonal,0.0021508357021957636
44600,262,train,render,0.25701457262039185
44600,262,train,total,0.25722965598106384
44700,262,train,eikonal,0.0012544982600957155
44700,262,train,render,0.2868661880493164
44700,262,train,total,0.2869916260242462
44800,263,train,eikonal,0.00209231348708272
44800,263,train,render,0.2595375180244446
44800,263,train,total,0.2597467601299286
44900,264,train,eikonal,0.0021271738223731518
44900,264,train,render,0.2149243950843811
44900,264,train,total,0.21513710916042328
45000,264,train,eikonal,0.002972136251628399
45000,264,train,render,0.2542967200279236
45000,264,train,total,0.25459393858909607
45100,265,train,eikonal,0.0022114976309239864
45100,265,train,render,0.29163360595703125
45100,265,train,total,0.29185476899147034
45200,265,train,eikonal,0.0010200976394116879
45200,265,train,render,0.18784087896347046
45200,265,train,total,0.18794289231300354
45300,266,train,eikonal,0.0022076433524489403
45300,266,train,render,0.23605561256408691
45300,266,train,total,0.23627637326717377
45400,267,train,eikonal,0.0027455082163214684
45400,267,train,render,0.25158724188804626
45400,267,train,total,0.2518617808818817
45500,267,train,eikonal,0.0022324896417558193
45500,267,train,render,0.2108546644449234
45500,267,train,total,0.21107791364192963
45600,268,train,eikonal,0.0025389818474650383
45600,268,train,render,0.2542271614074707
45600,268,train,total,0.2544810473918915
45700,268,train,eikonal,0.002793804509565234
45700,268,train,render,0.33436301350593567
45700,268,train,total,0.3346423804759979
45800,269,train,eikonal,0.002487924648448825
45800,269,train,render,0.31952691078186035
45800,269,train,total,0.31977570056915283
45900,270,train,eikonal,0.0036449157632887363
45900,270,train,render,0.2527036964893341
45900,270,train,total,0.2530681788921356
46000,270,train,eikonal,0.0020195841789245605
46000,270,train,render,0.25639545917510986
46000,270,train,total,0.2565974295139313
46100,271,train,eikonal,0.004042464308440685
46100,271,train,render,0.3189462721347809
46100,271,train,total,0.3193505108356476
46200,271,train,eikonal,0.0035647060722112656
46200,271,train,render,0.333604633808136
46200,271,train,total,0.3339610993862152
46300,272,train,eikonal,0.0024896985851228237
46300,272,train,render,0.2558876872062683
46300,272,train,total,0.2561366558074951
46400,272,train,eikonal,0.003030015155673027
46400,272,train,render,0.2924327552318573
46400,272,train,total,0.292735755443573
46500,273,train,eikonal,0.0023560835979878902
46500,273,train,render,0.2897927165031433
46500,273,train,total,0.29002833366394043
46600,274,train,eikonal,0.0021009379997849464
46600,274,train,render,0.23608195781707764
46600,274,train,total,0.2362920492887497
